gateway,00:08:E3:FF:FC:14,Probably not Windows,
,D4:81:D7:51:1D:D9,Microsoft Windows Server 2008 or 2008 Beta 3,91
hbv-vlabs-img.business.auburn.edu,00:50:56:A1:A1:66,Microsoft Windows 10 build 10074 - 14393,100
,00:50:56:A1:AA:7D,Microsoft Windows 10 build 10074 - 14393,100
,00:50:56:A1:F0:E5,Microsoft Windows 10 build 10074 - 14393,100
,00:50:56:A1:12:C3,Microsoft Windows 10 build 10074 - 14393,100
,00:50:56:A1:E9:30,Microsoft Windows 10 build 10074 - 14393,100
,64:00:6A:61:38:75,Microsoft Windows Server 2008 SP2 or Windows 10 or Xbox One,100
,00:50:56:A1:48:E0,Microsoft Windows 10 build 10074 - 14393,100
,00:50:56:A1:16:DC,Microsoft Windows 10 build 10074 - 14393,100
,50:9A:4C:4F:74:F8,Microsoft Windows XP SP2,87
,00:50:56:A1:3F:08,Microsoft Windows 10 build 10074 - 14393,100
,00:50:56:A1:CB:ED,Microsoft Windows 10 build 10074 - 14393,100
,00:50:56:A1:A5:F0,Microsoft Windows 10 build 10074 - 14393,100
,00:50:56:A1:74:CA,Microsoft Windows 10 build 10074 - 14393,100
,00:50:56:A1:42:49,Microsoft Windows 10 build 10074 - 14393,100
,D8:9E:F3:0D:2F:0C,Microsoft Windows XP SP2,85
,00:50:56:A1:11:5A,Microsoft Windows 10 build 10074 - 14393,100
,00:12:5F:17:1C:09,Probably not Windows,
,D8:9E:F3:0D:33:4A,Microsoft Windows 10 build 10586 - 14393,94
,00:50:56:A1:96:F2,Microsoft Windows 10 build 10074 - 14393,100
,00:50:56:A1:95:21,Microsoft Windows 10 build 10074 - 14393,100
,00:50:56:A1:BF:5F,Microsoft Windows 10 build 10074 - 14393,100
,00:50:56:A1:E2:8B,Microsoft Windows 10 build 10074 - 14393,100
,00:50:56:A1:D6:DB,Microsoft Windows 10 build 10074 - 14393,100
,F0:92:1C:DC:E3:6B,Probably not Windows,
,00:50:56:A1:2E:0C,Microsoft Windows 10 build 10074 - 14393,100
,00:50:56:A1:93:2E,Microsoft Windows 10 build 10074 - 14393,100
,00:50:56:A1:F1:6B,Microsoft Windows 10 build 10074 - 14393,100
,00:50:56:A1:7B:10,Microsoft Windows 10 build 10074 - 14393,100
,00:50:56:A1:FA:1D,Microsoft Windows 10 build 10074 - 14393,100
,00:50:56:A1:BC:2B,Microsoft Windows 10 build 10074 - 14393,99
,00:50:56:A1:97:52,Microsoft Windows 10 build 10074 - 14393,100
,00:50:56:A1:75:BC,Microsoft Windows 10 build 10074 - 14393,100
,00:50:56:A1:46:50,Microsoft Windows 10 build 10074 - 14393,100
,00:50:56:A1:D1:46,Microsoft Windows 10 build 10074 - 14393,100
,00:50:56:A1:C5:2E,Microsoft Windows 10 build 10074 - 14393,100
,00:50:56:A1:3A:D2,Microsoft Windows 10 build 10074 - 14393,100
,00:50:56:A1:69:08,Microsoft Windows 10 build 10074 - 14393,100
,00:50:56:A1:52:22,Microsoft Windows 10 build 10074 - 14393,100
,00:50:56:A1:8F:D6,Microsoft Windows 10 build 10074 - 14393,100
,00:50:56:A1:36:4A,Microsoft Windows 10 build 10074 - 14393,100
,00:50:56:A1:EF:58,Microsoft Windows 10 build 10074 - 14393,100
,00:50:56:A1:FC:BD,Microsoft Windows 10 build 10074 - 14393,100
,00:50:56:A1:FA:C8,Microsoft Windows 10 build 10074 - 14393,100
,00:50:56:A1:31:B3,Microsoft Windows 10 build 10074 - 14393,100
,00:50:56:A1:CE:E1,Microsoft Windows 10 build 10074 - 14393,100
,E0:46:9A:3C:4E:21,Probably not Windows,
,00:12:5F:17:6D:77,Probably not Windows,
,3C:52:82:88:8C:3A,Probably not Windows,
,00:12:5F:16:C3:5B,Probably not Windows,
,D8:9E:F3:0D:2F:AB,Microsoft Windows XP SP2,87
,00:50:56:A1:BF:C7,Microsoft Windows 10 build 10074 - 14393,100
,00:50:56:A1:67:01,Microsoft Windows 10 build 10074 - 14393,100
,50:9A:4C:59:EF:F0,Microsoft Windows 10 build 10586 - 14393,94
,00:50:56:A1:3A:6C,Microsoft Windows 10 build 10074 - 14393,100
,BC:83:85:F5:D3:5B,Microsoft Windows XP SP2,87
,00:50:56:A1:B3:92,Microsoft Windows 10 build 10074 - 14393,100
,00:50:56:A1:E8:C7,Microsoft Windows 10 build 10074 - 14393,100
,00:50:56:A1:98:E6,Microsoft Windows 10 build 10074 - 14393,100
,00:50:56:A1:33:92,Microsoft Windows 10 build 10074 - 14393,100
,00:50:56:A1:7A:F2,Microsoft Windows 10 build 10074 - 14393,100
,00:01:C0:1A:5D:19,Probably not Windows,
,A4:4C:C8:B7:F9:94,Microsoft Windows Server 2008 or 2008 Beta 3,91
,00:50:56:A1:E8:79,Microsoft Windows 10 build 10074 - 14393,100
,00:50:56:A1:5E:ED,Microsoft Windows 10 build 10074 - 14393,100
,A4:4C:C8:CA:3D:53,Probably not Windows,
,00:50:56:A1:49:7B,Microsoft Windows 10 build 10074 - 14393,100
,00:50:56:A1:5F:0A,Microsoft Windows 10 build 10074 - 14393,100
,00:50:56:A1:6C:32,Microsoft Windows 10 build 10074 - 14393,100
,00:50:56:A1:95:FE,Microsoft Windows 10 build 10074 - 14393,100
,00:50:56:A1:FF:33,Microsoft Windows 10 build 10074 - 14393,100
,00:50:56:A1:D4:1D,Microsoft Windows 10 build 10074 - 14393,100
,00:50:56:A1:2A:64,Microsoft Windows 10 build 10074 - 14393,100
,00:50:56:A1:36:63,Microsoft Windows 10 build 10074 - 14393,100
,00:50:56:A1:8A:AF,Microsoft Windows 10 build 10074 - 14393,100
,8C:DC:D4:2E:85:05,Microsoft Windows Server 2008 or 2008 Beta 3,100
,94:57:A5:EC:DA:88,Microsoft Windows Phone 7.5 or 8.0,92
,34:E6:D7:4E:98:8E,Microsoft Windows Server 2008 or 2008 Beta 3,100
,94:57:A5:EC:DB:39,Microsoft Windows 10 build 10586 - 14393,93
,50:9A:4C:59:F1:D8,Microsoft Windows 10 build 10586 - 14393,93
,D4:81:D7:57:5F:AA,Microsoft Windows 10 build 10586 - 14393,93
,2C:27:D7:23:EC:67,Microsoft Windows 10 build 10586 - 14393,93
,94:57:A5:F1:44:B4,Microsoft Windows Server 2008 or 2008 Beta 3,100
,50:9A:4C:54:6F:96,Microsoft Windows 10 build 10586 - 14393,93
,50:9A:4C:59:EF:77,Microsoft Windows 10 build 10586 - 14393,93
,50:9A:4C:59:AD:2C,Microsoft Windows 10 build 10586 - 14393,94
,00:26:B9:8D:0A:CB,Microsoft Windows 7 Professional or Windows 8,100
,A0:D3:C1:2E:6D:D1,Microsoft Windows Server 2008 or 2008 Beta 3,100
,88:51:FB:40:26:80,"Microsoft Windows Vista SP0 or SP1, Windows Server 2008 SP1, or Windows 7",100
,50:9A:4C:53:EC:AB,Microsoft Windows 10 build 10586 - 14393,93
,48:0F:CF:4A:D6:BE,Microsoft Windows 10 build 10586 - 14393,93
,94:57:A5:EC:DB:78,Probably not Windows,
,94:57:A5:EC:DB:85,Microsoft Windows 10 build 10586 - 14393,93
,8C:DC:D4:39:6E:F3,Microsoft Windows 10 build 10586 - 14393,93
,A0:48:1C:87:73:BF,Microsoft Windows XP SP2,87
,A0:48:1C:7F:70:0E,Microsoft Windows 10 build 10586 - 14393,93
,00:26:B9:8D:0A:EE,Microsoft Windows Server 2008 or 2008 Beta 3,100
,A0:48:1C:80:A1:DE,Microsoft Windows 10 build 10586 - 14393,93
,A0:48:1C:87:73:53,Microsoft Windows 10 build 10586 - 14393,93
,50:9A:4C:53:EA:50,"Microsoft Windows Vista SP0 or SP1, Windows Server 2008 SP1, or Windows 7",92
,A0:48:1C:7F:70:59,Microsoft Windows 10 build 10586 - 14393,93
,48:0F:CF:63:1E:94,Microsoft Windows 10 build 10586 - 14393,93
,94:57:A5:EC:D8:7D,"Microsoft Windows Vista SP0 or SP1, Windows Server 2008 SP1, or Windows 7",100
,70:5A:0F:42:2D:ED,Microsoft Windows 10 build 10586 - 14393,93
,50:9A:4C:53:EC:B7,Microsoft Windows 10 build 10586 - 14393,93
,A0:48:1C:80:A1:19,Probably not Windows,
,A0:48:1C:7F:70:19,Microsoft Windows XP SP2,87
,00:13:3B:0E:FF:33,Microsoft Windows 10 build 10586 - 14393,93
,F0:92:1C:E0:C7:BA,Microsoft Windows Server 2008 or 2008 Beta 3,100
,00:22:19:14:A6:45,Microsoft Windows Server 2008 or 2008 Beta 3,100
,B8:AC:6F:A1:7A:56,Microsoft Windows 7,98
,00:C0:B7:D5:DF:4D,Probably not Windows,
,A0:48:1C:87:72:EB,Microsoft Windows 10 build 10586 - 14393,93
,A0:D3:C1:29:EA:7E,Microsoft Windows 7 Professional or Windows 8,100
,00:21:70:18:B8:E1,Probably not Windows,
,94:57:A5:F1:44:03,Microsoft Windows Server 2008 or 2008 Beta 3,100
,64:51:06:5E:BF:4D,Microsoft Windows Server 2008 or 2008 Beta 3,100
,50:9A:4C:59:A6:77,Microsoft Windows 10 build 10586 - 14393,93
,A0:48:1C:87:73:50,Microsoft Windows Server 2008 or 2008 Beta 3,100
,00:24:E8:43:0B:18,Microsoft Windows Server 2008 SP1,90
,10:60:4B:81:5F:14,Microsoft Windows Server 2008 or 2008 Beta 3,100
,88:51:FB:48:24:31,Microsoft Windows Server 2008 or 2008 Beta 3,100
,24:BE:05:0D:87:8D,Microsoft Windows Server 2008 or 2008 Beta 3,100
,80:C1:6E:EA:CA:B8,Microsoft Windows Server 2008 or 2008 Beta 3,100
,AC:16:2D:02:ED:C1,"Microsoft Windows Vista SP0 or SP1, Windows Server 2008 SP1, or Windows 7",92
,A0:D3:C1:2E:6D:D4,Microsoft Windows 7,100
,DC:4A:3E:6C:F6:27,Microsoft Windows 10 build 10586 - 14393,93
,94:57:A5:F1:43:45,Microsoft Windows 10 build 10586 - 14393,93
,94:57:A5:F1:44:BC,Microsoft Windows 10 build 10586,92
,74:46:A0:B3:E7:FF,Microsoft Windows 10 build 10586 - 14393,93
,EC:B1:D7:4E:7A:75,Microsoft Windows 10 build 14393,92
,48:0F:CF:63:1A:BC,Microsoft Windows 10 build 10586 - 14393,93
,94:57:A5:F0:C4:71,Microsoft Windows 10 build 10586 - 14393,93
,48:0F:CF:5E:76:3F,Microsoft Windows 10 build 10586 - 14393,94
,A0:8C:FD:D2:EB:9F,Microsoft Windows 10 build 10586 - 14393,93
,DC:4A:3E:99:F0:44,Microsoft Windows 10 build 10586 - 14393,93
,00:50:56:87:3F:AE,Probably not Windows,
,00:50:56:87:3F:AE,Probably not Windows,
,00:50:56:87:3F:AE,Probably not Windows,
,00:50:56:87:3F:AE,Probably not Windows,
control.business.auburn.edu,00:22:19:5F:DF:DA,Microsoft Windows Server 2012 or Windows Server 2012 R2,100
,00:26:73:60:1A:10,Probably not Windows,
,00:00:74:D3:4B:D0,Probably not Windows,
,50:9A:4C:59:FE:5E,Microsoft Windows 10 build 14393,92
,AC:1F:6B:02:61:70,Probably not Windows,
,50:9A:4C:59:AC:EF,Microsoft Windows 10 build 10586 - 14393,93
,94:57:A5:EC:DB:62,Microsoft Windows 10 build 10586 - 14393,93
,EC:A8:6B:F8:32:3A,Probably not Windows,
,94:57:A5:EC:DB:70,Microsoft Windows 10 build 10586 - 14393,93
,A0:48:1C:87:73:C6,Probably not Windows,
,EC:B1:D7:2F:8B:DA,Probably not Windows,
,EC:B1:D7:4E:79:DE,Microsoft Windows Server 2008 or 2008 Beta 3,100
,50:9A:4C:59:F1:95,Probably not Windows,
,EC:B1:D7:59:4D:FB,Microsoft Windows 10 build 10586 - 14393,93
,EC:B1:D7:51:24:C7,Microsoft Windows Server 2008 or 2008 Beta 3,100
,08:2E:5F:12:9D:C0,Microsoft Windows Server 2008 or 2008 Beta 3,100
,48:0F:CF:4B:CE:0D,Microsoft Windows Server 2008 SP1,90
,94:57:A5:F1:44:D3,Microsoft Windows 10 build 10586 - 14393,93
,8C:DC:D4:50:A4:62,"Microsoft Windows Vista SP0 or SP1, Windows Server 2008 SP1, or Windows 7",100
,EC:B1:D7:59:49:39,Microsoft Windows Server 2008 or 2008 Beta 3,100
,50:65:F3:2C:C9:87,Microsoft Windows 10 build 10586 - 14393,93
,EC:B1:D7:48:E9:14,Microsoft Windows Server 2008 or 2008 Beta 3,100
,DC:4A:3E:6B:CF:6B,Microsoft Windows 10 build 10586 - 14393,93
,08:2E:5F:1D:48:D6,Microsoft Windows Server 2008 or 2008 Beta 3,100
,EC:B1:D7:51:25:22,Microsoft Windows Server 2008 or 2008 Beta 3,100
,EC:B1:D7:48:7E:E0,Microsoft Windows Server 2008 or 2008 Beta 3,100
,EC:B1:D7:59:4E:1F,Microsoft Windows 7 Professional or Windows 8,100
,8C:DC:D4:50:A4:B0,"Microsoft Windows Vista SP0 or SP1, Windows Server 2008 SP1, or Windows 7",100
,08:2E:5F:06:16:FE,Microsoft Windows Server 2008 or 2008 Beta 3,100
,00:25:90:AB:89:C8,Probably not Windows,
,00:25:90:AB:8A:AA,Probably not Windows,
,00:25:90:AB:8A:AA,Probably not Windows,
,A0:36:9F:59:CB:B8,Probably not Windows,
,A0:48:1C:7F:70:CF,Microsoft Windows Server 2008 or 2008 Beta 3,100
,A0:48:1C:80:A0:D2,Microsoft Windows 7 Professional or Windows 8,100
,EC:B1:D7:4E:78:EC,Microsoft Windows Server 2008 or 2008 Beta 3,100
,00:20:4A:A6:00:DF,Probably not Windows,
,00:20:4A:A6:00:E5,Probably not Windows,
,00:26:73:EA:DB:A9,Probably not Windows,
,A0:48:1C:87:74:05,Microsoft Windows Server 2008 or 2008 Beta 3,100
,2C:76:8A:3C:BE:2F,Probably not Windows,
,EC:A8:6B:F8:C5:38,Microsoft Windows Server 2008 R2 or Windows 8.1,100
,00:1B:78:EF:77:E8,Probably not Windows,
,1C:C1:DE:42:BF:02,Probably not Windows,
,A0:48:1C:80:A2:72,Microsoft Windows 10 build 10586 - 14393,93
opal.business.auburn.edu,00:50:56:87:24:55,Microsoft Windows Server 2012 or Windows Server 2012 R2,100
,EC:A8:6B:F8:9F:EB,Microsoft Windows Server 2008 R2 or Windows 8.1,100
turquoise.business.auburn.edu,00:50:56:87:24:13,Microsoft Windows Server 2012 or Windows Server 2012 R2,100
,00:50:56:87:1F:CF,Microsoft Windows Server 2012 or Windows Server 2012 R2,100
,00:00:74:B0:A5:FD,Probably not Windows,
cobzebi1.business.auburn.edu,00:25:90:AB:8A:AA,Probably not Windows,
,B0:5A:DA:C4:60:DA,Probably not Windows,
,00:1B:78:E7:7B:2F,Probably not Windows,
aquamarine.business.auburn.edu,00:50:56:87:29:BA,Probably not Windows,
,00:50:56:87:0E:1E,Probably not Windows,
zircon.business.auburn.edu,00:50:56:87:4D:55,Microsoft Windows Server 2012 or Windows Server 2012 R2,100
,EC:B1:D7:59:50:0C,Microsoft Windows Server 2008 or 2008 Beta 3,100
,EC:B1:D7:48:5B:DE,Microsoft Windows Server 2008 or 2008 Beta 3,100
,10:60:4B:8B:06:4B,Microsoft Windows Phone 7.5 or 8.0,92
,50:9A:4C:59:AC:F8,Microsoft Windows 10 build 10586 - 14393,93
,EC:B1:D7:59:4D:F4,Microsoft Windows 10 build 10586 - 14393,93
,48:0F:CF:5D:F8:36,"Microsoft Windows Vista SP0 or SP1, Windows Server 2008 SP1, or Windows 7",100
,3C:D9:2B:4E:27:0B,Microsoft Windows Server 2008 or 2008 Beta 3,100
,EC:B1:D7:59:50:0A,Microsoft Windows Server 2008 or 2008 Beta 3,100
,D4:81:D7:E0:27:AE,Microsoft Windows Server 2008 or 2008 Beta 3,91
,EC:B1:D7:51:26:36,Microsoft Windows 7 Professional or Windows 8,100
,EC:B1:D7:50:99:25,Microsoft Windows 10 build 10586 - 14393,93
,EC:B1:D7:51:24:C3,Microsoft Windows Server 2008 or 2008 Beta 3,100
,94:57:A5:F1:43:FC,Microsoft Windows 10 build 10586 - 14393,93
owncloud.business.auburn.edu,50:9A:4C:59:A5:9C,Microsoft Windows 10 build 10586 - 14393,93
,64:51:06:5E:BF:61,Microsoft Windows Server 2008 or 2008 Beta 3,100
,A0:48:1C:7F:70:82,Microsoft Windows 7 Professional or Windows 8,100
,8C:DC:D4:28:A3:5C,Microsoft Windows Server 2008 or 2008 Beta 3,100
,64:51:06:5E:BF:60,Microsoft Windows Server 2008 or 2008 Beta 3,100
,50:9A:4C:4F:02:09,Microsoft Windows 10 build 10586 - 14393,93
,50:65:F3:4A:22:B8,Microsoft Windows Server 2008 or 2008 Beta 3,100
,58:20:B1:5C:ED:61,Probably not Windows,
,F8:CA:B8:0C:57:A8,"Microsoft Windows Vista SP0 or SP1, Windows Server 2008 SP1, or Windows 7",91
,94:57:A5:F0:C5:14,Microsoft Windows 10 build 10586 - 14393,93
,78:E7:D1:D8:78:19,Microsoft Windows Server 2008 or 2008 Beta 3,100
,80:C1:6E:EA:CA:96,Microsoft Windows Server 2008 or 2008 Beta 3,100
,08:2E:5F:22:C0:0F,Microsoft Windows Server 2008 or 2008 Beta 3,100
,10:60:4B:83:35:A3,Microsoft Windows Server 2008 or 2008 Beta 3,100
,48:0F:CF:5D:F7:CF,Microsoft Windows 10 build 10586 - 14393,93
,50:9A:4C:59:A6:E8,Microsoft Windows 10 build 10586 - 14393,93
,80:C1:6E:E6:AA:66,Microsoft Windows 10 build 10586 - 14393,93
,48:0F:CF:63:1D:54,Microsoft Windows 10 build 10586 - 14393,93
,80:C1:6E:EC:83:D2,Microsoft Windows 10 build 10586 - 14393,93
,00:26:B9:8E:ED:A1,"Microsoft Windows Vista SP0 or SP1, Windows Server 2008 SP1, or Windows 7",100
,50:9A:4C:53:EA:AE,Microsoft Windows Phone 7.5 or 8.0,92
,00:26:73:B9:44:38,Probably not Windows,
,64:51:06:2A:67:48,Microsoft Windows Server 2008 or 2008 Beta 3,100
,80:C1:6E:E6:AA:5B,Microsoft Windows Server 2008 or 2008 Beta 3,100
,48:0F:CF:63:1E:7B,Microsoft Windows 10 build 10586 - 14393,93
,80:C1:6E:EC:84:12,Microsoft Windows 7 Professional or Windows 8,100
,50:9A:4C:53:E9:FC,"Microsoft Windows Vista SP0 or SP1, Windows Server 2008 SP1, or Windows 7",92
,A0:48:1C:7F:70:77,Microsoft Windows 7 Professional or Windows 8,100
,A0:D3:C1:29:EA:B0,Microsoft Windows 7 Professional or Windows 8,100
,80:C1:6E:EA:CA:9E,Microsoft Windows 10 build 10586 - 14393,93
,A0:D3:C1:33:12:A0,Microsoft Windows Server 2008 or 2008 Beta 3,100
,A0:48:1C:80:AF:1C,Microsoft Windows Server 2008 or 2008 Beta 3,100
,C4:34:6B:5C:F6:F2,Microsoft Windows 10 build 10586 - 14393,95
,8C:DC:D4:4E:5E:C7,Microsoft Windows XP SP2,89
,3C:D9:2B:4E:25:94,Microsoft Windows Server 2008 or 2008 Beta 3,100
,70:5A:0F:38:DF:95,Microsoft Windows 10 build 10586 - 14393,93
,F8:CA:B8:05:98:44,Microsoft Windows Server 2008 SP1,89
,00:50:56:87:41:0D,Probably not Windows,
,00:26:B9:8D:0A:E7,Microsoft Windows Server 2008 or 2008 Beta 3,100
,84:7B:EB:4B:BF:F3,Microsoft Windows 10 build 10586 - 14393,93
,D8:9E:F3:02:16:D4,Microsoft Windows Server 2008 or 2008 Beta 3,89
,8C:DC:D4:50:A4:42,Microsoft Windows Server 2008 or 2008 Beta 3,100
,10:60:4B:75:DE:B7,Microsoft Windows Server 2008 or 2008 Beta 3,100
,A0:48:1C:80:A1:CE,Microsoft Windows 10 build 10586 - 14393,93
,B8:AE:ED:23:29:17,Microsoft Windows Server 2008 or 2008 Beta 3,100
,A0:48:1C:7F:70:A8,Microsoft Windows Server 2008 or 2008 Beta 3,100
mdt.business.auburn.edu,00:50:56:87:E6:EF,Microsoft Windows Server 2012 or Windows Server 2012 R2,100
,A0:48:1C:7F:70:4C,Microsoft Windows Server 2008 or 2008 Beta 3,100
,A0:48:1C:7F:70:B9,Microsoft Windows Server 2008 or 2008 Beta 3,100
,F8:0F:41:FC:30:CB,Probably not Windows,
,F8:0F:41:FC:30:0E,Probably not Windows,
,F8:0F:41:FC:31:76,Probably not Windows,
,F8:0F:41:FC:00:5C,Probably not Windows,
,88:51:FB:4B:41:B4,Microsoft Windows Server 2008 or 2008 Beta 3,100
,48:BA:4E:E0:EC:F9,Probably not Windows,
,00:50:56:87:07:5D,Probably not Windows,
,74:46:A0:91:B3:A9,Microsoft Windows 10 build 10586 - 14393,93
,A0:8C:FD:EB:64:A4,"Microsoft Windows Vista SP0 or SP1, Windows Server 2008 SP1, or Windows 7",92
,88:51:FB:4B:41:A8,Microsoft Windows Server 2008 or 2008 Beta 3,100
,80:C1:6E:EA:CA:7F,Microsoft Windows 10 build 10586 - 14393,93
,A0:48:1C:87:73:47,Microsoft Windows XP SP2,87
,8C:DC:D4:28:A3:50,Microsoft Windows Server 2008 or 2008 Beta 3,100
,8C:DC:D4:2E:8B:76,Microsoft Windows Server 2008 or 2008 Beta 3,100
,00:24:E8:34:76:4E,Microsoft Windows Server 2008 or 2008 Beta 3,100
,3C:D9:2B:53:DB:C2,Microsoft Windows Server 2008 R2 or Windows 8.1,100
,A0:8C:FD:EB:61:91,Microsoft Windows 10 build 10586 - 14393,93
,EC:8E:B5:24:97:21,Probably not Windows,
,A0:D3:C1:2E:6D:BD,Microsoft Windows Server 2008 or 2008 Beta 3,100
,DC:4A:3E:72:C5:5C,Microsoft Windows XP SP2,85
,78:AC:C0:C1:1E:85,Microsoft Windows 10 build 10586 - 14393,93
,D8:9E:F3:02:12:F8,Microsoft Windows Server 2008 or 2008 Beta 3,89
,80:C1:6E:EA:CA:B9,Microsoft Windows 10 build 10586 - 14393,93
,38:63:BB:7D:52:70,Probably not Windows,
,EC:B1:D7:50:99:ED,"Microsoft Windows Vista SP0 or SP1, Windows Server 2008 SP1, or Windows 7",100
,88:51:FB:6F:EE:46,Microsoft Windows 10 build 10586 - 14393,95
,A0:48:1C:80:A0:CD,Probably not Windows,
,A0:48:1C:80:A0:DB,Probably not Windows,
,A0:48:1C:80:AF:10,Probably not Windows,
,88:51:FB:6F:EE:08,Microsoft Windows 10 build 10586 - 14393,95
,8C:DC:D4:4E:5E:CD,Probably not Windows,
,EC:B1:D7:2F:8C:69,Probably not Windows,
,8C:DC:D4:50:A4:B2,Probably not Windows,
,8C:DC:D4:50:A4:B9,Probably not Windows,
,8C:DC:D4:50:A4:5B,Probably not Windows,
,8C:DC:D4:4E:5F:50,Probably not Windows,
,88:51:FB:4B:41:E2,Microsoft Windows 7 Professional or Windows 8,100
,8C:DC:D4:28:A3:C2,Microsoft Windows Server 2008 or 2008 Beta 3,100
,A0:48:1C:87:73:D8,Microsoft Windows Server 2008 or 2008 Beta 3,100
,A0:48:1C:7F:70:64,Probably not Windows,
,F4:03:43:03:78:FC,Probably not Windows,
,A0:48:1C:87:73:B2,Microsoft Windows 7 Professional or Windows 8,100
,A0:48:1C:9F:80:DD,Microsoft Windows 10 build 10586 - 14393,93
,D4:81:D7:4D:FC:BA,Microsoft Windows XP SP2,87
,64:51:06:34:E8:44,Microsoft Windows Server 2008 or 2008 Beta 3,100
,50:9A:4C:5A:38:2A,Microsoft Windows Server 2008 or 2008 Beta 3,91
,2C:41:38:B8:AF:B8,Microsoft Windows Server 2008 or 2008 Beta 3,100
,10:60:4B:8B:03:F3,Microsoft Windows 10 build 10586 - 14393,93
,48:0F:CF:66:A4:3E,Microsoft Windows 10 build 10586 - 14393,93
,00:50:56:87:C7:7C,Probably not Windows,
,00:50:56:87:36:0D,Microsoft Windows Server 2012 or Windows Server 2012 R2,85
,00:50:56:87:2C:03,Probably not Windows,
,90:B1:1C:01:19:C8,Probably not Windows,
,00:50:56:87:0E:7C,Probably not Windows,
,00:50:56:87:3B:CF,Microsoft Windows Server 2012 or Windows Server 2012 R2,100
,D8:9E:F3:0D:39:A8,Microsoft Windows 10 build 10586 - 14393,94
licensing.business.auburn.edu,22:F9:0F:66:58:69,Microsoft Windows Server 2012 or Windows Server 2012 R2,100
,94:57:A5:EC:DA:EA,Microsoft Windows 10 build 10586 - 14393,93
backup-2.business.auburn.edu,00:22:19:2A:25:A2,Microsoft Windows Server 2012 or Windows Server 2012 R2,100
ossec.business.auburn.edu,00:50:56:87:12:4B,Probably not Windows,
hcob-ca1.business.auburn.edu,00:50:56:87:68:59,Microsoft Windows Server 2012 or Windows Server 2012 R2,100
crystal.business.auburn.edu,00:50:56:87:76:CE,Microsoft Windows Server 2012 or Windows Server 2012 R2,100
,50:65:F3:39:D3:1B,Microsoft Windows 10 build 10586 - 14393,93
,2C:27:D7:44:ED:D5,Microsoft Windows XP SP2,89
,3C:D9:2B:4A:0E:59,Microsoft Windows Server 2008 or 2008 Beta 3,100
,94:57:A5:F1:44:CF,Microsoft Windows 10 build 10586 - 14393,93
,A0:8C:FD:EB:64:6D,Microsoft Windows 10 build 10586 - 14393,93
,00:50:56:87:EF:D5,Microsoft Windows Server 2012 or Windows Server 2012 R2,100
,08:2E:5F:21:89:B9,Microsoft Windows 10 build 10586 - 14393,93
,48:0F:CF:63:1B:22,Microsoft Windows 10 build 10586 - 14393,93
,D8:9E:F3:02:10:8B,Microsoft Windows 10 build 10586 - 14393,93
,88:51:FB:43:6D:7D,Microsoft Windows Server 2008 or 2008 Beta 3,100
,78:AC:C0:A9:D8:D9,Microsoft Windows Server 2008 or 2008 Beta 3,100
,00:26:73:F5:3E:32,Probably not Windows,
,34:E6:D7:6B:16:98,Microsoft Windows Server 2008 or 2008 Beta 3,100
,00:26:73:B4:54:90,Probably not Windows,
,A0:D3:C1:33:12:A4,"Microsoft Windows Vista SP0 or SP1, Windows Server 2008 SP1, or Windows 7",100
,00:1B:78:F6:41:68,Probably not Windows,
,50:65:F3:46:6F:29,Microsoft Windows Server 2008 or 2008 Beta 3,100
,00:1B:78:F7:20:71,Probably not Windows,
,00:26:73:AF:C2:0F,Probably not Windows,
,08:2E:5F:20:51:BC,Microsoft Windows Server 2008 or 2008 Beta 3,100
,00:1B:78:F6:63:2C,Probably not Windows,
,00:11:0A:B9:26:26,Probably not Windows,
backup-old.business.auburn.edu,00:24:E8:70:0F:18,Microsoft Windows Server 2012 or Windows Server 2012 R2,100
,94:57:A5:F0:C3:D5,Microsoft Windows 10 build 10586 - 14393,93
,00:50:56:87:3E:7F,Microsoft Windows Server 2012 or Windows Server 2012 R2,100
,00:1B:78:E9:04:F6,Probably not Windows,
,00:50:56:87:01:A2,Microsoft Windows Server 2012 or Windows Server 2012 R2,100
,30:E1:71:B9:7A:B5,Probably not Windows,
,DC:4A:3E:6A:D0:73,Microsoft Windows 10 build 10586 - 14393,93
,00:26:73:B5:EA:5A,Probably not Windows,
,00:26:73:37:16:88,Probably not Windows,
,00:1E:0B:0B:92:1C,Probably not Windows,
,00:26:73:7D:70:E8,Probably not Windows,
,94:57:A5:F1:44:83,Microsoft Windows 10 build 10586 - 14393,93
,84:7B:EB:4B:C0:13,Microsoft Windows 10 build 10586 - 14393,93
,DC:4A:3E:65:9D:AA,Microsoft Windows 10 build 10586 - 14393,93
,94:57:A5:EC:DB:2E,Microsoft Windows 10 build 10586 - 14393,93
,00:26:B9:8D:07:A3,Microsoft Windows Server 2008 or 2008 Beta 3,100
,48:0F:CF:5E:75:BE,Microsoft Windows 10 build 10586 - 14393,93
,84:7B:EB:4B:BF:CF,Microsoft Windows 10 build 10586 - 14393,93
,00:22:19:1B:81:10,Microsoft Windows Server 2008 or 2008 Beta 3,100
,A0:48:1C:80:A2:2E,"Microsoft Windows Vista SP0 or SP1, Windows Server 2008 SP1, or Windows 7",100
,A0:48:1C:80:A2:2F,Microsoft Windows Server 2008 or 2008 Beta 3,100
,D8:9E:F3:0D:33:5B,Microsoft Windows Server 2008 SP1 or Windows Server 2008 R2,85
,48:BA:4E:36:AA:44,Probably not Windows,
,98:E7:F4:04:B2:63,Probably not Windows,
,00:26:B9:8D:06:DB,"Microsoft Windows Vista SP0 or SP1, Windows Server 2008 SP1, or Windows 7",93
,D8:9E:F3:0D:2E:DE,Microsoft Windows 10 build 10586 - 14393,87
,B8:AC:6F:84:4B:1F,Microsoft Windows Server 2008 R2 or Windows 8.1,100
,A0:8C:FD:F0:5C:B6,Microsoft Windows 10 build 10586 - 14393,93
,6C:3B:E5:2B:08:8F,Microsoft Windows 7 Professional or Windows 8,100
,D8:9E:F3:02:18:7C,Microsoft Windows Server 2008 or 2008 Beta 3,91
,50:9A:4C:59:AF:6C,Probably not Windows,
,EC:B1:D7:48:79:82,Microsoft Windows Server 2008 or 2008 Beta 3,100
,00:11:0A:FA:48:5A,Probably not Windows,
,88:51:FB:65:81:5C,Microsoft Windows 10 build 10586 - 14393,93
,00:26:73:B7:DF:6B,Probably not Windows,
,88:51:FB:64:5A:05,Microsoft Windows Phone 7.5 or 8.0,92
,D8:9E:F3:02:17:F8,Microsoft Windows Server 2008 SP1,89
,D8:9E:F3:0D:3A:23,Microsoft Windows XP SP2,85
,00:24:E8:2E:17:A2,Microsoft Windows Server 2008 or 2008 Beta 3,100
,94:57:A5:F1:44:BD,Microsoft Windows 10 build 14393,92
,A0:D3:C1:33:12:9D,Microsoft Windows Server 2008 or 2008 Beta 3,100
,A0:D3:C1:33:12:9B,Microsoft Windows Server 2008 or 2008 Beta 3,100
,40:A8:F0:5A:AE:9F,Microsoft Windows 7,100
,A0:D3:C1:2E:6D:D0,Microsoft Windows Server 2008 or 2008 Beta 3,100
,C4:34:6B:73:3D:DB,"Microsoft Windows Vista SP0 or SP1, Windows Server 2008 SP1, or Windows 7",100
,00:26:B9:8D:0A:D2,Microsoft Windows Server 2008 or 2008 Beta 3,100
,D8:9E:F3:02:17:C2,Microsoft Windows 10 build 10586 - 14393,93
,A0:48:1C:7F:70:67,Probably not Windows,
,88:51:FB:6F:ED:5E,Microsoft Windows 10 build 10586 - 14393,93
,2C:44:FD:35:3D:9F,Probably not Windows,
,40:A8:F0:5F:1A:3F,Microsoft Windows Server 2008 or 2008 Beta 3,100
,00:3E:E1:BF:9B:A4,Probably not Windows,
,00:90:C2:D0:5C:A3,Probably not Windows,
,00:50:56:87:41:0D,Probably not Windows,
,68:5B:35:97:DE:7F,Probably not Windows,
,00:50:56:87:3E:ED,Microsoft Windows Server 2012 or Windows Server 2012 R2,100
